experiment_id,status,hypothesis,train_window,validation_scheme,feature_set,model,primary_metric,secondary_metrics,result,decision,notes
V2-0001,PLANNED,Market-only closing baseline establishes the minimum predictive bar,2012-2024,season walk-forward + sacred holdout,closing market only,market baseline,ATS Brier,"log loss; calibration slope; margin MAE",,,Do not use as historical Friday predictor; closing market is baseline research only
V2-0002,PLANNED,Lagged PBP efficiency adds incremental information beyond market baseline,2012-2024,season walk-forward + sacred holdout,market + lagged EPA/success features,Ridge residual,ATS Brier,"log loss; calibration; margin MAE",,,First true football-residual challenger
V2-0003,PLANNED,Short and medium rolling windows jointly outperform a single window,2012-2024,nested walk-forward,market + roll4 + roll8,Ridge residual,ATS Brier,"log loss; calibration",,,Window choice must be made inside training folds
V2-0004,PLANNED,Bayesian hierarchical shrinkage improves early-season and uncertainty performance,2012-2024,season walk-forward,market + lagged football features,Bayesian hierarchical residual,ATS Brier,"log loss; calibration; interval coverage",,,Complexity must beat ridge within uncertainty
V2-0005,PLANNED,Gradient boosting captures stable nonlinear residual interactions,2012-2024,nested walk-forward,market + lagged football features,Gradient boosting residual,ATS Brier,"log loss; calibration; stability",,,Reject if gains are concentrated in one season/subgroup
V2-0006,PLANNED,Discrete empirical margin distribution improves key-number probability calibration,2012-2024,walk-forward predicted-margin residuals,predicted margin + total + empirical margin mass,Discrete margin model,ATS Brier,"push calibration; key-number subgroup Brier",,,Normal distribution retained as mandatory baseline
V2-0007,PLANNED,Public betting adds no stable incremental value after market controls,requires point-in-time public data,walk-forward,core + public split features,Ridge/meta adjustment,ATS Brier,"log loss; ablation delta",,,Default expectation is zero weight unless proven
V2-0008,PLANNED,External-source signals add incremental value after core forecast,prospective only initially,pre-registered rolling evaluation,core forecast + source-native signal,Regularized meta-model,ATS Brier,"calibration; source-line ATS; Sly-line ATS",,,No tuning from tiny samples
V2-0009,PLANNED,Joint household optimization beats independent fixed-percentage policies,2023-2026 pool history + simulated futures,Monte Carlo policy evaluation,V2 probabilities + field scenarios,Monopoly joint optimizer,Expected household payout,"P(any cash); P(top3); elimination risk",,,Use exact pool rules and shared NFL outcomes
